"",RuleSet,com.edt.VO
"",Import,"com.edt.VO.DutyRuleVO, org.drools.core.util.DateUtils"
"",Notes,Decision Table for Duty Processing
"",Sequential,FALSE
"",NO-LOOP,TRUE

RuleTable Duty Processing
CONDITION,CONDITION,CONDITION,CONDITION,CONDITION,CONDITION,CONDITION,CONDITION,CONDITION,CONDITION,CONDITION,CONDITION,CONDITION,CONDITION,CONDITION,CONDITION,CONDITION,CONDITION,CONDITION,CONDITION,ACTIVATION-GROUP,PRIORITY,ACTION
$f:DutyRuleVO
"originStateProvinceCode == ""$param""",originCountryCode in ($param),originCountryCode not in ($param),"destinationCountryCode == ""$param""",destinationCountryCode in ($param),destinationStateOrProvinceCode in ($param),destinationStateOrProvinceCode not in ($param),"destinationCounty == ""$param""","destinationCity == ""$param""","destinationPostalCode == ""$param""","destinationLocaleType == ""$param""","customsValueCurrencyCode == ""$param""",customsValue >= $param,customsValue < $param,"countryOfManufacture == ""$param""","modeOfTransportation matches ""$param""","shipmentCriteriaID == ""$param""","tariffShift == ""$param""","effectiveDate >= DateUtils.parseDate(""$param"")","expirationDate <= DateUtils.parseDate(""$param"")",,,"$f.setShipmentKey(""$param"");"
OriginStateProvinceCode,originCountryCode,originCountryCode,destinationCountryCode,destinationCountryCode,DestinationStateOrProvinceCode,DestinationStateOrProvinceCode,DestinationCounty,DestinationCity,DestinationPostalCode,DestinationLocaleType,CustomsValueCurrencyCode,MinCustomsValue,MaxCustomsValue,CountryOfManufacture,ModeOfTransportation,ShipmentCriteriaID,TARIFFSHIFT,EffectiveDate,ExpirationDate,ACTIVATION-GROUP,PRIORITY,ShipmentKey
"",DD,"IN,US",,,,,,DDDD,SS,SSSS,11.0,11.0,US,SEA,1,Y,2016-07-29,2017-12-31,US-GROUP,1.0,1
"",DD,"IN,US",,,,,,DDDD,SS,SSSS,11.0,11.0,US,SEA,2,Y,2016-07-29,2017-12-31,US-GROUP,1.0,2
"",DD,"IN,US",,,,,,DDDD,SS,SSSS,11.0,11.0,US,SEA,3,Y,2016-07-29,2017-12-31,US-GROUP,1.0,3
"",DD,"IN,US",,,,,,DDDD,SS,SSSS,11.0,11.0,US,SEA,4,Y,2016-07-29,2017-12-31,US-GROUP,2.0,4
"",DD,"IN,US",,,,,,DDDD,SS,SSSS,11.0,11.0,US,SEA,5,Y,2016-07-29,2017-12-31,US-GROUP,2.0,5
"",DD,"IN,US",,,,,,DDDD,SS,SSSS,11.0,11.0,US,SEA,6,Y,2016-07-29,2017-12-31,US-GROUP,2.0,6
