"",RuleSet,com.edt.VO
"",Import,"com.edt.VO.DutyRuleVO, org.drools.core.util.DateUtils"
"",Notes,Decision Table for Duty Processing
"",Sequential,FALSE
"",NO-LOOP,TRUE

RuleTable Duty Processing
CONDITION,CONDITION,CONDITION,CONDITION,CONDITION,CONDITION,CONDITION,CONDITION,CONDITION,CONDITION,CONDITION,CONDITION,CONDITION,CONDITION,CONDITION,CONDITION,CONDITION,CONDITION,CONDITION,CONDITION,ACTIVATION-GROUP,PRIORITY,ACTION
$f:FeeRuleVO
"originStateProvinceCode == ""$param""",originCountryCode in ($param),originCountryCode not in ($param),"destinationCountryCode == ""$param""",destinationCountryCode in ($param),destinationStateOrProvinceCode in ($param),destinationStateOrProvinceCode not in ($param),"destinationCounty == ""$param""","destinationCity == ""$param""","destinationPostalCode == ""$param""","destinationLocaleType == ""$param""","customsValueCurrencyCode == ""$param""",customsValue >= $param,customsValue < $param,"countryOfManufacture == ""$param""","modeOfTransportation matches ""$param""","shipmentCriteriaID == ""$param""","tariffShift == ""$param""","effectiveDate >= DateUtils.parseDate(""$param"")","expirationDate <= DateUtils.parseDate(""$param"")",,,"$f.setShipmentKey(""$param"");"
OriginStateProvinceCode,originCountryCode,originCountryCode,destinationCountryCode,destinationCountryCode,DestinationStateOrProvinceCode,DestinationStateOrProvinceCode,DestinationCounty,DestinationCity,DestinationPostalCode,DestinationLocaleType,CustomsValueCurrencyCode,MinCustomsValue,MaxCustomsValue,CountryOfManufacture,ModeOfTransportation,ShipmentCriteriaID,TARIFFSHIFT,EffectiveDate,ExpirationDate,ACTIVATION-GROUP,PRIORITY,ShipmentKey
null,UK-GROUP,DDDD,,SSS,SSSS,SS,2016-07-29,2017-12-31,US,DD,"IN,US",11.0,US,11.0,"DD,MM",IN,DD,1.0,null,55.0,7
null,UK-GROUP,DDDD,,SSS,SSSS,SS,2016-07-29,2017-12-31,US,DD,"IN,US",11.0,US,11.0,"DD,MM",IN,DD,1.0,null,56.0,8
null,UK-GROUP,DDDD,,SSS,SSSS,SS,2016-07-29,2017-12-31,US,DD,"IN,US",11.0,US,11.0,"DD,MM",IN,DD,1.0,null,57.0,9
null,UK-GROUP,DDDD,,SSS,SSSS,SS,2016-07-29,2017-12-31,US,DD,"IN,US",11.0,US,11.0,"DD,MM",IN,DD,2.0,null,55.0,10
null,UK-GROUP,DDDD,,SSS,SSSS,SS,2016-07-29,2017-12-31,US,DD,"IN,US",11.0,US,11.0,"DD,MM",IN,DD,2.0,null,56.0,11
null,UK-GROUP,DDDD,,SSS,SSSS,SS,2016-07-29,2017-12-31,US,DD,"IN,US",11.0,US,11.0,"DD,MM",IN,DD,2.0,null,57.0,12
null,UK-GROUP,DDDD,,SSS,SSSS,SS,2016-07-29,2017-12-31,US,DD,"IN,US",11.0,US,11.0,"DD,MM",IN,DD,1.0,null,55.0,13
null,UK-GROUP,DDDD,,SSS,SSSS,SS,2016-07-29,2017-12-31,US,DD,"IN,US",11.0,US,11.0,"DD,MM",IN,DD,1.0,null,56.0,14
null,UK-GROUP,DDDD,,SSS,SSSS,SS,2016-07-29,2017-12-31,US,DD,"IN,US",11.0,US,11.0,"DD,MM",IN,DD,1.0,null,57.0,15
